"module name","license","repository"
"@mrmlnc/readdir-enhanced@2.2.1","MIT","https://github.com/bigstickcarpet/readdir-enhanced"
"@nodelib/fs.stat@1.1.3","MIT","https://github.com/nodelib/nodelib/tree/master/packages/fs/fs.stat"
"@sindresorhus/is@0.7.0","MIT","https://github.com/sindresorhus/is"
"@types/q@1.5.2","MIT","https://github.com/DefinitelyTyped/DefinitelyTyped"
"abbrev@1.1.1","ISC","https://github.com/isaacs/abbrev-js"
"accepts@1.3.7","MIT","https://github.com/jshttp/accepts"
"acorn@2.6.4","MIT","https://github.com/ternjs/acorn"
"ajv@6.10.2","MIT","https://github.com/epoberezkin/ajv"
"alter@0.2.0","MIT","https://github.com/olov/alter"
"ansi-regex@2.1.1","MIT","https://github.com/chalk/ansi-regex"
"ansi-styles@2.2.1","MIT","https://github.com/chalk/ansi-styles"
"ansi-styles@3.2.1","MIT","https://github.com/chalk/ansi-styles"
"arch@2.1.1","MIT","https://github.com/feross/arch"
"archive-type@4.0.0","MIT","https://github.com/kevva/archive-type"
"argparse@1.0.10","MIT","https://github.com/nodeca/argparse"
"arr-diff@4.0.0","MIT","https://github.com/jonschlinkert/arr-diff"
"arr-flatten@1.1.0","MIT","https://github.com/jonschlinkert/arr-flatten"
"arr-union@3.1.0","MIT","https://github.com/jonschlinkert/arr-union"
"array-find-index@1.0.2","MIT","https://github.com/sindresorhus/array-find-index"
"array-union@1.0.2","MIT","https://github.com/sindresorhus/array-union"
"array-uniq@1.0.3","MIT","https://github.com/sindresorhus/array-uniq"
"array-uniq@2.1.0","MIT","https://github.com/sindresorhus/array-uniq"
"array-unique@0.3.2","MIT","https://github.com/jonschlinkert/array-unique"
"arrify@1.0.1","MIT","https://github.com/sindresorhus/arrify"
"asn1@0.2.4","MIT","https://github.com/joyent/node-asn1"
"assert-plus@1.0.0","MIT","https://github.com/mcavage/node-assert-plus"
"assert@1.4.1","MIT","https://github.com/defunctzombie/commonjs-assert"
"assign-symbols@1.0.0","MIT","https://github.com/jonschlinkert/assign-symbols"
"async-limiter@1.0.1","MIT","https://github.com/strml/async-limiter"
"async@1.5.2","MIT","https://github.com/caolan/async"
"async@2.6.3","MIT","https://github.com/caolan/async"
"asynckit@0.4.0","MIT","https://github.com/alexindigo/asynckit"
"atob@2.1.2","(MIT OR Apache-2.0)","git://git.coolaj86.com/coolaj86/atob.js"
"autoprefixer@9.6.1","MIT","https://github.com/postcss/autoprefixer"
"aws-sign2@0.7.0","Apache-2.0","https://github.com/mikeal/aws-sign"
"aws4@1.8.0","MIT","https://github.com/mhart/aws4"
"balanced-match@1.0.0","MIT","https://github.com/juliangruber/balanced-match"
"base64-js@1.3.1","MIT","https://github.com/beatgammit/base64-js"
"base@0.11.2","MIT","https://github.com/node-base/base"
"basic-auth@2.0.1","MIT","https://github.com/jshttp/basic-auth"
"batch@0.6.1","MIT","https://github.com/visionmedia/batch"
"bcrypt-pbkdf@1.0.2","BSD-3-Clause","https://github.com/joyent/node-bcrypt-pbkdf"
"beeper@1.1.1","MIT","https://github.com/sindresorhus/beeper"
"bin-build@3.0.0","MIT","https://github.com/kevva/bin-build"
"bin-check@4.1.0","MIT","https://github.com/kevva/bin-check"
"bin-version-check@4.0.0","MIT","https://github.com/sindresorhus/bin-version-check"
"bin-version@3.1.0","MIT","https://github.com/sindresorhus/bin-version"
"bin-wrapper@4.1.0","MIT","https://github.com/kevva/bin-wrapper"
"bl@1.2.2","MIT","https://github.com/rvagg/bl"
"body@5.1.0","MIT","https://github.com/Raynos/body"
"boolbase@1.0.0","ISC","https://github.com/fb55/boolbase"
"bower-config@1.4.1","MIT","https://github.com/bower/bower/tree/master/packages/bower-config"
"brace-expansion@1.1.11","MIT","https://github.com/juliangruber/brace-expansion"
"braces@2.3.2","MIT","https://github.com/micromatch/braces"
"browserslist@4.7.0","MIT","https://github.com/browserslist/browserslist"
"buffer-alloc-unsafe@1.1.0","MIT","https://github.com/LinusU/buffer-alloc-unsafe"
"buffer-alloc@1.2.0","MIT","https://github.com/LinusU/buffer-alloc"
"buffer-crc32@0.2.13","MIT","https://github.com/brianloveswords/buffer-crc32"
"buffer-fill@1.0.0","MIT","https://github.com/LinusU/buffer-fill"
"buffer-from@1.1.1","MIT","https://github.com/LinusU/buffer-from"
"buffer@5.4.3","MIT","https://github.com/feross/buffer"
"bytes@1.0.0","MIT*","https://github.com/visionmedia/bytes.js"
"cache-base@1.0.1","MIT","https://github.com/jonschlinkert/cache-base"
"cacheable-request@2.1.4","MIT","https://github.com/lukechilds/cacheable-request"
"call-me-maybe@1.0.1","MIT","https://github.com/limulus/call-me-maybe"
"camel-case@3.0.0","MIT","https://github.com/blakeembrey/camel-case"
"camelcase-keys@2.1.0","MIT","https://github.com/sindresorhus/camelcase-keys"
"camelcase@2.1.1","MIT","https://github.com/sindresorhus/camelcase"
"caniuse-lite@1.0.30000989","CC-BY-4.0","https://github.com/ben-eb/caniuse-lite"
"caseless@0.12.0","Apache-2.0","https://github.com/mikeal/caseless"
"caw@2.0.1","MIT","https://github.com/kevva/caw"
"chalk@1.1.3","MIT","https://github.com/chalk/chalk"
"chalk@2.3.0","MIT","https://github.com/chalk/chalk"
"chalk@2.4.2","MIT","https://github.com/chalk/chalk"
"class-utils@0.3.6","MIT","https://github.com/jonschlinkert/class-utils"
"clean-css@4.2.1","MIT","https://github.com/jakubpawlowicz/clean-css"
"cli@1.0.1","MIT","https://github.com/node-js-libs/cli"
"clone-response@1.0.2","MIT","https://github.com/lukechilds/clone-response"
"coa@2.0.2","MIT","https://github.com/veged/coa"
"coffeescript@1.10.0","MIT","https://github.com/jashkenas/coffeescript"
"collection-visit@1.0.0","MIT","https://github.com/jonschlinkert/collection-visit"
"color-convert@1.9.3","MIT","https://github.com/Qix-/color-convert"
"color-name@1.1.3","MIT","https://github.com/dfcreative/color-name"
"colors@1.1.2","MIT","https://github.com/Marak/colors.js"
"combined-stream@1.0.8","MIT","https://github.com/felixge/node-combined-stream"
"commander@2.20.0","MIT","https://github.com/tj/commander.js"
"commander@2.8.1","MIT","https://github.com/tj/commander.js"
"component-emitter@1.3.0","MIT","https://github.com/component/emitter"
"concat-map@0.0.1","MIT","https://github.com/substack/node-concat-map"
"concat-stream@1.6.2","MIT","https://github.com/maxogden/concat-stream"
"config-chain@1.1.12","MIT","https://github.com/dominictarr/config-chain"
"connect-livereload@0.6.1","MIT","https://github.com/intesso/connect-livereload"
"connect@3.7.0","MIT","https://github.com/senchalabs/connect"
"console-browserify@1.1.0","MIT","https://github.com/Raynos/console-browserify"
"console-stream@0.1.1","MIT","https://github.com/Raynos/console-stream"
"content-disposition@0.5.3","MIT","https://github.com/jshttp/content-disposition"
"continuable-cache@0.3.1","MIT","https://github.com/Raynos/continuable-cache"
"convert-source-map@1.1.3","MIT","https://github.com/thlorenz/convert-source-map"
"convert-source-map@1.6.0","MIT","https://github.com/thlorenz/convert-source-map"
"copy-descriptor@0.1.1","MIT","https://github.com/jonschlinkert/copy-descriptor"
"core-util-is@1.0.2","MIT","https://github.com/isaacs/core-util-is"
"cross-spawn@5.1.0","MIT","https://github.com/IndigoUnited/node-cross-spawn"
"cross-spawn@6.0.5","MIT","https://github.com/moxystudio/node-cross-spawn"
"css-select-base-adapter@0.1.1","MIT","https://github.com/nrkn/css-select-base-adapter"
"css-select@2.0.2","BSD-2-Clause","https://github.com/fb55/css-select"
"css-tree@1.0.0-alpha.29","MIT","https://github.com/csstree/csstree"
"css-tree@1.0.0-alpha.33","MIT","https://github.com/csstree/csstree"
"css-what@2.1.3","BSD-2-Clause","https://github.com/fb55/css-what"
"csso@3.5.1","MIT","https://github.com/css/csso"
"currently-unhandled@0.4.1","MIT","https://github.com/jamestalmage/currently-unhandled"
"dashdash@1.14.1","MIT","https://github.com/trentm/node-dashdash"
"date-now@0.1.4","MIT","https://github.com/Colingo/date-now"
"date-time@1.1.0","MIT","https://github.com/sindresorhus/date-time"
"dateformat@1.0.12","MIT","https://github.com/felixge/node-dateformat"
"debug@2.6.9","MIT","https://github.com/visionmedia/debug"
"debug@3.2.6","MIT","https://github.com/visionmedia/debug"
"decamelize@1.2.0","MIT","https://github.com/sindresorhus/decamelize"
"decode-uri-component@0.2.0","MIT","https://github.com/SamVerschueren/decode-uri-component"
"decompress-response@3.3.0","MIT","https://github.com/sindresorhus/decompress-response"
"decompress-tar@4.1.1","MIT","https://github.com/kevva/decompress-tar"
"decompress-tarbz2@4.1.1","MIT","https://github.com/kevva/decompress-tarbz2"
"decompress-targz@4.1.1","MIT","https://github.com/kevva/decompress-targz"
"decompress-unzip@4.0.1","MIT","https://github.com/kevva/decompress-unzip"
"decompress@4.2.0","MIT","https://github.com/kevva/decompress"
"define-properties@1.1.3","MIT","https://github.com/ljharb/define-properties"
"define-property@0.2.5","MIT","https://github.com/jonschlinkert/define-property"
"define-property@1.0.0","MIT","https://github.com/jonschlinkert/define-property"
"define-property@2.0.2","MIT","https://github.com/jonschlinkert/define-property"
"delayed-stream@1.0.0","MIT","https://github.com/felixge/node-delayed-stream"
"depd@1.1.2","MIT","https://github.com/dougwilson/nodejs-depd"
"destroy@1.0.4","MIT","https://github.com/stream-utils/destroy"
"diff@3.5.0","BSD-3-Clause","https://github.com/kpdecker/jsdiff"
"dir-glob@2.0.0","MIT","https://github.com/kevva/dir-glob"
"dom-serializer@0.2.1","MIT","https://github.com/cheeriojs/dom-renderer"
"domelementtype@1.3.1","BSD-2-Clause","https://github.com/fb55/domelementtype"
"domelementtype@2.0.1","BSD-2-Clause","https://github.com/fb55/domelementtype"
"domhandler@2.3.0","BSD*","https://github.com/fb55/DomHandler"
"domutils@1.5.1","BSD*","https://github.com/FB55/domutils"
"domutils@1.7.0","BSD-2-Clause","https://github.com/FB55/domutils"
"download@6.2.5","MIT","https://github.com/kevva/download"
"download@7.1.0","MIT","https://github.com/kevva/download"
"duplexer3@0.1.4","BSD-3-Clause","https://github.com/floatdrop/duplexer3"
"duplexer@0.1.1","MIT","https://github.com/Raynos/duplexer"
"duplexify@3.7.1","MIT","https://github.com/mafintosh/duplexify"
"each-async@0.1.3","MIT","https://github.com/sindresorhus/each-async"
"ecc-jsbn@0.1.2","MIT","https://github.com/quartzjer/ecc-jsbn"
"ee-first@1.1.1","MIT","https://github.com/jonathanong/ee-first"
"electron-to-chromium@1.3.260","ISC","https://github.com/kilian/electron-to-chromium"
"encodeurl@1.0.2","MIT","https://github.com/pillarjs/encodeurl"
"end-of-stream@1.4.1","MIT","https://github.com/mafintosh/end-of-stream"
"entities@1.0.0","BSD*","https://github.com/fb55/node-entities"
"entities@2.0.0","BSD-2-Clause","https://github.com/fb55/entities"
"error-ex@1.3.2","MIT","https://github.com/qix-/node-error-ex"
"error@7.2.0","MIT","https://github.com/Raynos/error"
"es-abstract@1.14.2","MIT","https://github.com/ljharb/es-abstract"
"es-to-primitive@1.2.0","MIT","https://github.com/ljharb/es-to-primitive"
"es6-promise@4.2.8","MIT","https://github.com/stefanpenner/es6-promise"
"escape-html@1.0.3","MIT","https://github.com/component/escape-html"
"escape-string-regexp@1.0.5","MIT","https://github.com/sindresorhus/escape-string-regexp"
"esprima@4.0.1","BSD-2-Clause","https://github.com/jquery/esprima"
"etag@1.8.1","MIT","https://github.com/jshttp/etag"
"eventemitter2@0.4.14","MIT","https://github.com/hij1nx/EventEmitter2"
"eventemitter3@1.2.0","MIT","https://github.com/primus/eventemitter3"
"events@1.1.1","MIT","https://github.com/Gozala/events"
"exec-buffer@3.2.0","MIT","https://github.com/kevva/exec-buffer"
"execa@0.7.0","MIT","https://github.com/sindresorhus/execa"
"execa@1.0.0","MIT","https://github.com/sindresorhus/execa"
"executable@4.1.1","MIT","https://github.com/kevva/executable"
"exit@0.1.2","MIT","https://github.com/cowboy/node-exit"
"expand-brackets@2.1.4","MIT","https://github.com/jonschlinkert/expand-brackets"
"ext-list@2.2.2","MIT","https://github.com/kevva/ext-list"
"ext-name@5.0.0","MIT","https://github.com/kevva/ext-name"
"extend-shallow@2.0.1","MIT","https://github.com/jonschlinkert/extend-shallow"
"extend-shallow@3.0.2","MIT","https://github.com/jonschlinkert/extend-shallow"
"extend@3.0.2","MIT","https://github.com/justmoon/node-extend"
"extglob@2.0.4","MIT","https://github.com/micromatch/extglob"
"extract-zip@1.6.7","BSD-2-Clause","https://github.com/maxogden/extract-zip"
"extsprintf@1.3.0","MIT","https://github.com/davepacheco/node-extsprintf"
"fast-deep-equal@2.0.1","MIT","https://github.com/epoberezkin/fast-deep-equal"
"fast-glob@2.2.7","MIT","https://github.com/mrmlnc/fast-glob"
"fast-json-stable-stringify@2.0.0","MIT","https://github.com/epoberezkin/fast-json-stable-stringify"
"faye-websocket@0.10.0","MIT","https://github.com/faye/faye-websocket-node"
"fd-slicer@1.0.1","MIT","https://github.com/andrewrk/node-fd-slicer"
"fd-slicer@1.1.0","MIT","https://github.com/andrewrk/node-fd-slicer"
"figures@1.7.0","MIT","https://github.com/sindresorhus/figures"
"file-sync-cmp@0.1.1","MIT","https://github.com/mgeisler/file-sync-cmp"
"file-type@10.11.0","MIT","https://github.com/sindresorhus/file-type"
"file-type@3.9.0","MIT","https://github.com/sindresorhus/file-type"
"file-type@4.4.0","MIT","https://github.com/sindresorhus/file-type"
"file-type@5.2.0","MIT","https://github.com/sindresorhus/file-type"
"file-type@6.2.0","MIT","https://github.com/sindresorhus/file-type"
"file-type@8.1.0","MIT","https://github.com/sindresorhus/file-type"
"filename-reserved-regex@2.0.0","MIT","https://github.com/sindresorhus/filename-reserved-regex"
"filenamify@2.1.0","MIT","https://github.com/sindresorhus/filenamify"
"fill-range@4.0.0","MIT","https://github.com/jonschlinkert/fill-range"
"finalhandler@1.1.2","MIT","https://github.com/pillarjs/finalhandler"
"find-up@1.1.2","MIT","https://github.com/sindresorhus/find-up"
"find-versions@3.1.0","MIT","https://github.com/sindresorhus/find-versions"
"findup-sync@0.3.0","MIT","https://github.com/cowboy/node-findup-sync"
"for-in@1.0.2","MIT","https://github.com/jonschlinkert/for-in"
"forever-agent@0.6.1","Apache-2.0","https://github.com/mikeal/forever-agent"
"form-data@2.3.3","MIT","https://github.com/form-data/form-data"
"fragment-cache@0.2.1","MIT","https://github.com/jonschlinkert/fragment-cache"
"fresh@0.5.2","MIT","https://github.com/jshttp/fresh"
"from2@2.3.0","MIT","https://github.com/hughsk/from2"
"fs-constants@1.0.0","MIT","https://github.com/mafintosh/fs-constants"
"fs-extra@1.0.0","MIT","https://github.com/jprichardson/node-fs-extra"
"fs-extra@4.0.2","MIT","https://github.com/jprichardson/node-fs-extra"
"fs.realpath@1.0.0","ISC","https://github.com/isaacs/fs.realpath"
"function-bind@1.1.1","MIT","https://github.com/Raynos/function-bind"
"gaze@1.1.3","MIT","https://github.com/shama/gaze"
"get-proxy@2.1.0","MIT","https://github.com/kevva/get-proxy"
"get-stdin@4.0.1","MIT","https://github.com/sindresorhus/get-stdin"
"get-stream@2.3.1","MIT","https://github.com/sindresorhus/get-stream"
"get-stream@3.0.0","MIT","https://github.com/sindresorhus/get-stream"
"get-stream@4.1.0","MIT","https://github.com/sindresorhus/get-stream"
"get-value@2.0.6","MIT","https://github.com/jonschlinkert/get-value"
"getobject@0.1.0","MIT","https://github.com/cowboy/node-getobject"
"getpass@0.1.7","MIT","https://github.com/arekinath/node-getpass"
"gifsicle@4.0.1","MIT","https://github.com/imagemin/gifsicle-bin"
"glob-parent@3.1.0","ISC","https://github.com/es128/glob-parent"
"glob-to-regexp@0.3.0","BSD*","https://github.com/fitzgen/glob-to-regexp"
"glob@5.0.15","ISC","https://github.com/isaacs/node-glob"
"glob@7.0.6","ISC","https://github.com/isaacs/node-glob"
"glob@7.1.2","ISC","https://github.com/isaacs/node-glob"
"glob@7.1.4","ISC","https://github.com/isaacs/node-glob"
"globby@8.0.2","MIT","https://github.com/sindresorhus/globby"
"globule@1.2.1","MIT","https://github.com/cowboy/node-globule"
"got@7.1.0","MIT","https://github.com/sindresorhus/got"
"got@8.3.2","MIT","https://github.com/sindresorhus/got"
"graceful-fs@4.2.2","ISC","https://github.com/isaacs/node-graceful-fs"
"graceful-readlink@1.0.1","MIT","https://github.com/zhiyelee/graceful-readlink"
"grunt-angular-templates@1.2.0","MIT","https://github.com/ericclemmons/grunt-angular-templates"
"grunt-cli@1.2.0","MIT","https://github.com/gruntjs/grunt-cli"
"grunt-concurrent@2.3.1","MIT","https://github.com/sindresorhus/grunt-concurrent"
"grunt-connect-proxy@0.2.0","MIT","https://github.com/drewzboto/grunt-connect-proxy"
"grunt-contrib-clean@2.0.0","MIT","https://github.com/gruntjs/grunt-contrib-clean"
"grunt-contrib-concat@1.0.1","MIT","https://github.com/gruntjs/grunt-contrib-concat"
"grunt-contrib-connect@2.1.0","MIT","https://github.com/gruntjs/grunt-contrib-connect"
"grunt-contrib-copy@1.0.0","MIT","https://github.com/gruntjs/grunt-contrib-copy"
"grunt-contrib-cssmin@3.0.0","MIT","https://github.com/gruntjs/grunt-contrib-cssmin"
"grunt-contrib-htmlmin@3.1.0","MIT","https://github.com/gruntjs/grunt-contrib-htmlmin"
"grunt-contrib-imagemin@3.1.0","MIT","https://github.com/gruntjs/grunt-contrib-imagemin"
"grunt-contrib-jshint@2.1.0","MIT","https://github.com/gruntjs/grunt-contrib-jshint"
"grunt-contrib-uglify@4.0.1","MIT","https://github.com/gruntjs/grunt-contrib-uglify"
"grunt-contrib-watch@1.1.0","MIT","https://github.com/gruntjs/grunt-contrib-watch"
"grunt-filerev@2.3.1","BSD*","https://github.com/yeoman/grunt-filerev"
"grunt-injector@1.1.0","MIT","https://github.com/klei/grunt-injector"
"grunt-karma@3.0.2","MIT","https://github.com/karma-runner/grunt-karma"
"grunt-known-options@1.1.1","MIT","https://github.com/gruntjs/grunt-known-options"
"grunt-legacy-log-utils@2.0.1","MIT","https://github.com/gruntjs/grunt-legacy-log-utils"
"grunt-legacy-log@2.0.0","MIT","https://github.com/gruntjs/grunt-legacy-log"
"grunt-legacy-util@1.1.1","MIT","https://github.com/gruntjs/grunt-legacy-util"
"grunt-newer@1.3.0","MIT","https://github.com/tschaub/grunt-newer"
"grunt-ng-annotate@3.0.0","MIT","https://github.com/mgol/grunt-ng-annotate"
"grunt-npm-bower@0.0.4","GPL-3.0","https://github.com/wireapp/grunt-npm-bower"
"grunt-postcss@0.9.0","MIT","https://github.com/nDmitry/grunt-postcss"
"grunt-svgmin@6.0.0","MIT","https://github.com/sindresorhus/grunt-svgmin"
"grunt-usemin@3.1.1","BSD-2-Clause","https://github.com/yeoman/grunt-usemin"
"grunt-wiredep@3.0.1","MIT","https://github.com/stephenplusplus/grunt-wiredep"
"grunt@1.0.4","MIT","https://github.com/gruntjs/grunt"
"gzip-size@3.0.0","MIT","https://github.com/sindresorhus/gzip-size"
"har-schema@2.0.0","ISC","https://github.com/ahmadnassri/har-schema"
"har-validator@5.1.3","MIT","https://github.com/ahmadnassri/node-har-validator"
"has-ansi@2.0.0","MIT","https://github.com/sindresorhus/has-ansi"
"has-flag@2.0.0","MIT","https://github.com/sindresorhus/has-flag"
"has-flag@3.0.0","MIT","https://github.com/sindresorhus/has-flag"
"has-symbol-support-x@1.4.2","MIT","https://github.com/Xotic750/has-symbol-support-x"
"has-symbols@1.0.0","MIT","https://github.com/ljharb/has-symbols"
"has-to-string-tag-x@1.4.1","MIT","https://github.com/Xotic750/has-to-string-tag-x"
"has-value@0.3.1","MIT","https://github.com/jonschlinkert/has-value"
"has-value@1.0.0","MIT","https://github.com/jonschlinkert/has-value"
"has-values@0.1.4","MIT","https://github.com/jonschlinkert/has-values"
"has-values@1.0.0","MIT","https://github.com/jonschlinkert/has-values"
"has@1.0.3","MIT","https://github.com/tarruda/has"
"hasha@2.2.0","MIT","https://github.com/sindresorhus/hasha"
"he@1.2.0","MIT","https://github.com/mathiasbynens/he"
"hooker@0.2.3","MIT","https://github.com/cowboy/javascript-hooker"
"hosted-git-info@2.8.4","ISC","https://github.com/npm/hosted-git-info"
"html-comment-regex@1.1.2","MIT","https://github.com/stevemao/html-comment-regex"
"html-minifier@4.0.0","MIT","https://github.com/kangax/html-minifier"
"htmlparser2@3.8.3","MIT","https://github.com/fb55/htmlparser2"
"http-cache-semantics@3.8.1","BSD-2-Clause","https://github.com/pornel/http-cache-semantics"
"http-errors@1.6.3","MIT","https://github.com/jshttp/http-errors"
"http-errors@1.7.3","MIT","https://github.com/jshttp/http-errors"
"http-parser-js@0.4.10","MIT","https://github.com/creationix/http-parser-js"
"http-proxy@1.11.3","MIT","https://github.com/nodejitsu/node-http-proxy"
"http-signature@1.2.0","MIT","https://github.com/joyent/node-http-signature"
"https-browserify@0.0.1","MIT","https://github.com/substack/https-browserify"
"iconv-lite@0.4.24","MIT","https://github.com/ashtuchkin/iconv-lite"
"ieee754@1.1.13","BSD-3-Clause","https://github.com/feross/ieee754"
"ignore@3.3.10","MIT","https://github.com/kaelzhang/node-ignore"
"imagemin-gifsicle@6.0.1","MIT","https://github.com/imagemin/imagemin-gifsicle"
"imagemin-jpegtran@6.0.0","MIT","https://github.com/imagemin/imagemin-jpegtran"
"imagemin-optipng@6.0.0","MIT","https://github.com/imagemin/imagemin-optipng"
"imagemin-svgo@7.0.0","MIT","https://github.com/imagemin/imagemin-svgo"
"imagemin@6.1.0","MIT","https://github.com/imagemin/imagemin"
"import-lazy@3.1.0","MIT","https://github.com/sindresorhus/import-lazy"
"indent-string@2.1.0","MIT","https://github.com/sindresorhus/indent-string"
"inflight@1.0.6","ISC","https://github.com/npm/inflight"
"inherits@2.0.1","ISC","https://github.com/isaacs/inherits"
"inherits@2.0.3","ISC","https://github.com/isaacs/inherits"
"inherits@2.0.4","ISC","https://github.com/isaacs/inherits"
"ini@1.3.5","ISC","https://github.com/isaacs/ini"
"into-stream@3.1.0","MIT","https://github.com/sindresorhus/into-stream"
"irregular-plurals@1.4.0","MIT","https://github.com/sindresorhus/irregular-plurals"
"irregular-plurals@2.0.0","MIT","https://github.com/sindresorhus/irregular-plurals"
"is-accessor-descriptor@0.1.6","MIT","https://github.com/jonschlinkert/is-accessor-descriptor"
"is-accessor-descriptor@1.0.0","MIT","https://github.com/jonschlinkert/is-accessor-descriptor"
"is-arrayish@0.2.1","MIT","https://github.com/qix-/node-is-arrayish"
"is-buffer@1.1.6","MIT","https://github.com/feross/is-buffer"
"is-callable@1.1.4","MIT","https://github.com/ljharb/is-callable"
"is-data-descriptor@0.1.4","MIT","https://github.com/jonschlinkert/is-data-descriptor"
"is-data-descriptor@1.0.0","MIT","https://github.com/jonschlinkert/is-data-descriptor"
"is-date-object@1.0.1","MIT","https://github.com/ljharb/is-date-object"
"is-descriptor@0.1.6","MIT","https://github.com/jonschlinkert/is-descriptor"
"is-descriptor@1.0.2","MIT","https://github.com/jonschlinkert/is-descriptor"
"is-extendable@0.1.1","MIT","https://github.com/jonschlinkert/is-extendable"
"is-extendable@1.0.1","MIT","https://github.com/jonschlinkert/is-extendable"
"is-extglob@2.1.1","MIT","https://github.com/jonschlinkert/is-extglob"
"is-finite@1.0.2","MIT","https://github.com/sindresorhus/is-finite"
"is-gif@3.0.0","MIT","https://github.com/sindresorhus/is-gif"
"is-glob@3.1.0","MIT","https://github.com/jonschlinkert/is-glob"
"is-glob@4.0.1","MIT","https://github.com/micromatch/is-glob"
"is-jpg@2.0.0","MIT","https://github.com/sindresorhus/is-jpg"
"is-natural-number@4.0.1","MIT","https://github.com/shinnn/is-natural-number.js"
"is-number-like@1.0.8","ISC","https://github.com/vigour-io/is-number-like"
"is-number@3.0.0","MIT","https://github.com/jonschlinkert/is-number"
"is-object@1.0.1","MIT","https://github.com/ljharb/is-object"
"is-plain-obj@1.1.0","MIT","https://github.com/sindresorhus/is-plain-obj"
"is-plain-object@2.0.4","MIT","https://github.com/jonschlinkert/is-plain-object"
"is-png@1.1.0","MIT","https://github.com/sindresorhus/is-png"
"is-regex@1.0.4","MIT","https://github.com/ljharb/is-regex"
"is-retry-allowed@1.2.0","MIT","https://github.com/floatdrop/is-retry-allowed"
"is-stream@1.1.0","MIT","https://github.com/sindresorhus/is-stream"
"is-svg@3.0.0","MIT","https://github.com/sindresorhus/is-svg"
"is-symbol@1.0.2","MIT","https://github.com/ljharb/is-symbol"
"is-typedarray@1.0.0","MIT","https://github.com/hughsk/is-typedarray"
"is-utf8@0.2.1","MIT","https://github.com/wayfind/is-utf8"
"is-windows@1.0.2","MIT","https://github.com/jonschlinkert/is-windows"
"is-wsl@1.1.0","MIT","https://github.com/sindresorhus/is-wsl"
"isarray@0.0.1","MIT","https://github.com/juliangruber/isarray"
"isarray@1.0.0","MIT","https://github.com/juliangruber/isarray"
"isexe@2.0.0","ISC","https://github.com/isaacs/isexe"
"isobject@2.1.0","MIT","https://github.com/jonschlinkert/isobject"
"isobject@3.0.1","MIT","https://github.com/jonschlinkert/isobject"
"isstream@0.1.2","MIT","https://github.com/rvagg/isstream"
"isurl@1.0.0","MIT","https://github.com/stevenvachon/isurl"
"jasmine-core@3.4.0","MIT","https://github.com/jasmine/jasmine"
"jit-grunt@0.10.0","MIT","https://github.com/shootaroo/jit-grunt"
"jpegtran-bin@4.0.0","MIT","https://github.com/imagemin/jpegtran-bin"
"js-yaml@3.13.1","MIT","https://github.com/nodeca/js-yaml"
"jsbn@0.1.1","MIT","https://github.com/andyperlitch/jsbn"
"jshint-stylish@2.2.1","MIT","https://github.com/sindresorhus/jshint-stylish"
"jshint@2.10.2","(MIT AND JSON)","https://github.com/jshint/jshint"
"json-buffer@3.0.0","MIT","https://github.com/dominictarr/json-buffer"
"json-schema-traverse@0.4.1","MIT","https://github.com/epoberezkin/json-schema-traverse"
"json-schema@0.2.3","AFLv2.1,BSD","https://github.com/kriszyp/json-schema"
"json-stringify-safe@5.0.1","ISC","https://github.com/isaacs/json-stringify-safe"
"jsonfile@2.4.0","MIT","https://github.com/jprichardson/node-jsonfile"
"jsonfile@4.0.0","MIT","https://github.com/jprichardson/node-jsonfile"
"jsprim@1.4.1","MIT","https://github.com/joyent/node-jsprim"
"karma-jasmine@2.0.1","MIT","https://github.com/karma-runner/karma-jasmine"
"karma-phantomjs-launcher@1.0.4","MIT","https://github.com/karma-runner/karma-phantomjs-launcher"
"kew@0.7.0","Apache-2.0","https://github.com/Medium/kew"
"keyv@3.0.0","MIT","https://github.com/lukechilds/keyv"
"kind-of@3.2.2","MIT","https://github.com/jonschlinkert/kind-of"
"kind-of@4.0.0","MIT","https://github.com/jonschlinkert/kind-of"
"kind-of@5.1.0","MIT","https://github.com/jonschlinkert/kind-of"
"kind-of@6.0.2","MIT","https://github.com/jonschlinkert/kind-of"
"klaw@1.3.1","MIT","https://github.com/jprichardson/node-klaw"
"livereload-js@2.4.0","MIT","https://github.com/livereload/livereload-js"
"load-json-file@1.1.0","MIT","https://github.com/sindresorhus/load-json-file"
"lodash.clonedeep@4.5.0","MIT","https://github.com/lodash/lodash"
"lodash.isfinite@3.3.2","MIT","https://github.com/lodash/lodash"
"lodash@0.9.2","MIT","https://github.com/lodash/lodash"
"lodash@3.10.1","MIT","https://github.com/lodash/lodash"
"lodash@4.15.0","MIT","https://github.com/lodash/lodash"
"lodash@4.17.15","MIT","https://github.com/lodash/lodash"
"log-symbols@1.0.2","MIT","https://github.com/sindresorhus/log-symbols"
"log-symbols@2.2.0","MIT","https://github.com/sindresorhus/log-symbols"
"logalot@2.1.0","MIT","https://github.com/imagemin/logalot"
"longest@1.0.1","MIT","https://github.com/jonschlinkert/longest"
"loud-rejection@1.6.0","MIT","https://github.com/sindresorhus/loud-rejection"
"lower-case@1.1.4","MIT","https://github.com/blakeembrey/lower-case"
"lowercase-keys@1.0.0","MIT","https://github.com/sindresorhus/lowercase-keys"
"lowercase-keys@1.0.1","MIT","https://github.com/sindresorhus/lowercase-keys"
"lpad-align@1.1.2","MIT","https://github.com/kevva/lpad-align"
"lru-cache@4.1.5","ISC","https://github.com/isaacs/node-lru-cache"
"make-dir@1.3.0","MIT","https://github.com/sindresorhus/make-dir"
"map-cache@0.2.2","MIT","https://github.com/jonschlinkert/map-cache"
"map-obj@1.0.1","MIT","https://github.com/sindresorhus/map-obj"
"map-visit@1.0.0","MIT","https://github.com/jonschlinkert/map-visit"
"maxmin@2.1.0","MIT","https://github.com/sindresorhus/maxmin"
"mdn-data@1.1.4","MPL-2.0","https://github.com/mdn/data"
"mdn-data@2.0.4","CC0-1.0","https://github.com/mdn/data"
"meow@3.7.0","MIT","https://github.com/sindresorhus/meow"
"merge2@1.3.0","MIT","https://github.com/teambition/merge2"
"micromatch@3.1.10","MIT","https://github.com/micromatch/micromatch"
"mime-db@1.40.0","MIT","https://github.com/jshttp/mime-db"
"mime-types@2.1.24","MIT","https://github.com/jshttp/mime-types"
"mime@1.6.0","MIT","https://github.com/broofa/node-mime"
"mimic-response@1.0.1","MIT","https://github.com/sindresorhus/mimic-response"
"minimatch@3.0.4","ISC","https://github.com/isaacs/minimatch"
"minimist@0.0.10","MIT","https://github.com/substack/minimist"
"minimist@0.0.8","MIT","https://github.com/substack/minimist"
"minimist@1.2.0","MIT","https://github.com/substack/minimist"
"mixin-deep@1.3.2","MIT","https://github.com/jonschlinkert/mixin-deep"
"mkdirp@0.5.1","MIT","https://github.com/substack/node-mkdirp"
"morgan@1.9.1","MIT","https://github.com/expressjs/morgan"
"mout@1.1.0","MIT","https://github.com/mout/mout"
"ms@2.0.0","MIT","https://github.com/zeit/ms"
"ms@2.1.1","MIT","https://github.com/zeit/ms"
"ms@2.1.2","MIT","https://github.com/zeit/ms"
"nanomatch@1.2.13","MIT","https://github.com/micromatch/nanomatch"
"negotiator@0.6.2","MIT","https://github.com/jshttp/negotiator"
"ng-annotate@1.2.2","MIT","https://github.com/olov/ng-annotate"
"nice-try@1.0.5","MIT","https://github.com/electerious/nice-try"
"no-case@2.3.2","MIT","https://github.com/blakeembrey/no-case"
"node-http2@4.0.1","MIT","https://github.com/kaazing/node-http2"
"node-releases@1.1.32","MIT","https://github.com/chicoxyzzy/node-releases"
"nopt@3.0.6","ISC","https://github.com/npm/nopt"
"normalize-package-data@2.5.0","BSD-2-Clause","https://github.com/npm/normalize-package-data"
"normalize-range@0.1.2","MIT","https://github.com/jamestalmage/normalize-range"
"normalize-url@2.0.1","MIT","https://github.com/sindresorhus/normalize-url"
"npm-conf@1.1.3","MIT","https://github.com/kevva/npm-conf"
"npm-run-path@2.0.2","MIT","https://github.com/sindresorhus/npm-run-path"
"nth-check@1.0.2","BSD-2-Clause","https://github.com/fb55/nth-check"
"num2fraction@1.2.2","MIT","https://github.com/yisibl/num2fraction"
"number-is-nan@1.0.1","MIT","https://github.com/sindresorhus/number-is-nan"
"oauth-sign@0.9.0","Apache-2.0","https://github.com/mikeal/oauth-sign"
"object-assign@4.1.1","MIT","https://github.com/sindresorhus/object-assign"
"object-copy@0.1.0","MIT","https://github.com/jonschlinkert/object-copy"
"object-inspect@1.6.0","MIT","https://github.com/substack/object-inspect"
"object-keys@1.1.1","MIT","https://github.com/ljharb/object-keys"
"object-visit@1.0.1","MIT","https://github.com/jonschlinkert/object-visit"
"object.getownpropertydescriptors@2.0.3","MIT","https://github.com/ljharb/object.getownpropertydescriptors"
"object.pick@1.3.0","MIT","https://github.com/jonschlinkert/object.pick"
"object.values@1.1.0","MIT","https://github.com/es-shims/Object.values"
"on-finished@2.3.0","MIT","https://github.com/jshttp/on-finished"
"on-headers@1.0.2","MIT","https://github.com/jshttp/on-headers"
"once@1.4.0","ISC","https://github.com/isaacs/once"
"opn@5.5.0","MIT","https://github.com/sindresorhus/opn"
"optimist@0.6.1","MIT*","https://github.com/substack/node-optimist"
"optipng-bin@5.1.0","MIT","https://github.com/imagemin/optipng-bin"
"ordered-ast-traverse@1.1.1","MIT","https://github.com/olov/ordered-ast-traverse"
"ordered-esprima-props@1.1.0","MIT","https://github.com/olov/ordered-esprima-props"
"os-filter-obj@2.0.0","MIT","https://github.com/kevva/os-filter-obj"
"os-homedir@1.0.2","MIT","https://github.com/sindresorhus/os-homedir"
"os-tmpdir@1.0.2","MIT","https://github.com/sindresorhus/os-tmpdir"
"osenv@0.1.5","ISC","https://github.com/npm/osenv"
"p-cancelable@0.3.0","MIT","https://github.com/sindresorhus/p-cancelable"
"p-cancelable@0.4.1","MIT","https://github.com/sindresorhus/p-cancelable"
"p-event@1.3.0","MIT","https://github.com/sindresorhus/p-event"
"p-event@2.3.1","MIT","https://github.com/sindresorhus/p-event"
"p-finally@1.0.0","MIT","https://github.com/sindresorhus/p-finally"
"p-is-promise@1.1.0","MIT","https://github.com/sindresorhus/p-is-promise"
"p-map-series@1.0.0","MIT","https://github.com/sindresorhus/p-map-series"
"p-map@1.2.0","MIT","https://github.com/sindresorhus/p-map"
"p-pipe@1.2.0","MIT","https://github.com/sindresorhus/p-pipe"
"p-reduce@1.0.0","MIT","https://github.com/sindresorhus/p-reduce"
"p-timeout@1.2.1","MIT","https://github.com/sindresorhus/p-timeout"
"p-timeout@2.0.1","MIT","https://github.com/sindresorhus/p-timeout"
"pad-stream@1.2.0","MIT","https://github.com/sindresorhus/pad-stream"
"param-case@2.1.1","MIT","https://github.com/blakeembrey/param-case"
"parse-json@2.2.0","MIT","https://github.com/sindresorhus/parse-json"
"parse-ms@1.0.1","MIT","https://github.com/sindresorhus/parse-ms"
"parseurl@1.3.3","MIT","https://github.com/pillarjs/parseurl"
"pascalcase@0.1.1","MIT","https://github.com/jonschlinkert/pascalcase"
"path-dirname@1.0.2","MIT","https://github.com/es128/path-dirname"
"path-exists@1.0.0","MIT","https://github.com/sindresorhus/path-exists"
"path-exists@2.1.0","MIT","https://github.com/sindresorhus/path-exists"
"path-is-absolute@1.0.1","MIT","https://github.com/sindresorhus/path-is-absolute"
"path-key@2.0.1","MIT","https://github.com/sindresorhus/path-key"
"path-parse@1.0.6","MIT","https://github.com/jbgutierrez/path-parse"
"path-type@1.1.0","MIT","https://github.com/sindresorhus/path-type"
"path-type@3.0.0","MIT","https://github.com/sindresorhus/path-type"
"pend@1.2.0","MIT","https://github.com/andrewrk/node-pend"
"performance-now@2.1.0","MIT","https://github.com/braveg1rl/performance-now"
"phantomjs-prebuilt@2.1.16","Apache-2.0","https://github.com/Medium/phantomjs"
"pify@2.3.0","MIT","https://github.com/sindresorhus/pify"
"pify@3.0.0","MIT","https://github.com/sindresorhus/pify"
"pify@4.0.1","MIT","https://github.com/sindresorhus/pify"
"pinkie-promise@2.0.1","MIT","https://github.com/floatdrop/pinkie-promise"
"pinkie@2.0.4","MIT","https://github.com/floatdrop/pinkie"
"plur@1.0.0","MIT","https://github.com/sindresorhus/plur"
"plur@2.1.2","MIT","https://github.com/sindresorhus/plur"
"plur@3.1.1","MIT","https://github.com/sindresorhus/plur"
"portscanner@2.2.0","MIT","https://github.com/baalexander/node-portscanner"
"posix-character-classes@0.1.1","MIT","https://github.com/jonschlinkert/posix-character-classes"
"postcss-value-parser@4.0.2","MIT","https://github.com/TrySound/postcss-value-parser"
"postcss@6.0.23","MIT","https://github.com/postcss/postcss"
"postcss@7.0.18","MIT","https://github.com/postcss/postcss"
"prepend-http@1.0.4","MIT","https://github.com/sindresorhus/prepend-http"
"prepend-http@2.0.0","MIT","https://github.com/sindresorhus/prepend-http"
"pretty-bytes@3.0.1","MIT","https://github.com/sindresorhus/pretty-bytes"
"pretty-bytes@5.3.0","MIT","https://github.com/sindresorhus/pretty-bytes"
"pretty-ms@2.1.0","MIT","https://github.com/sindresorhus/pretty-ms"
"process-nextick-args@2.0.1","MIT","https://github.com/calvinmetcalf/process-nextick-args"
"progress@1.1.8","MIT*","https://github.com/visionmedia/node-progress"
"propprop@0.3.1","MIT","https://github.com/stephenplusplus/propprop"
"proto-list@1.2.4","ISC","https://github.com/isaacs/proto-list"
"pseudomap@1.0.2","ISC","https://github.com/isaacs/pseudomap"
"psl@1.4.0","MIT","https://github.com/lupomontero/psl"
"pump@2.0.1","MIT","https://github.com/mafintosh/pump"
"pump@3.0.0","MIT","https://github.com/mafintosh/pump"
"pumpify@1.5.1","MIT","https://github.com/mafintosh/pumpify"
"punycode@1.3.2","MIT","https://github.com/bestiejs/punycode.js"
"punycode@1.4.1","MIT","https://github.com/bestiejs/punycode.js"
"punycode@2.1.1","MIT","https://github.com/bestiejs/punycode.js"
"q@1.5.1","MIT","https://github.com/kriskowal/q"
"qs@6.5.2","BSD-3-Clause","https://github.com/ljharb/qs"
"qs@6.8.0","BSD-3-Clause","https://github.com/ljharb/qs"
"query-string@5.1.1","MIT","https://github.com/sindresorhus/query-string"
"querystring@0.2.0","MIT","https://github.com/Gozala/querystring"
"range-parser@1.2.1","MIT","https://github.com/jshttp/range-parser"
"raw-body@1.1.7","MIT","https://github.com/stream-utils/raw-body"
"read-pkg-up@1.0.1","MIT","https://github.com/sindresorhus/read-pkg-up"
"read-pkg@1.1.0","MIT","https://github.com/sindresorhus/read-pkg"
"readable-stream@1.1.14","MIT","https://github.com/isaacs/readable-stream"
"readable-stream@2.3.6","MIT","https://github.com/nodejs/readable-stream"
"redent@1.0.0","MIT","https://github.com/sindresorhus/redent"
"regex-not@1.0.2","MIT","https://github.com/jonschlinkert/regex-not"
"relateurl@0.2.7","MIT","https://github.com/stevenvachon/relateurl"
"repeat-element@1.1.3","MIT","https://github.com/jonschlinkert/repeat-element"
"repeat-string@1.6.1","MIT","https://github.com/jonschlinkert/repeat-string"
"repeating@2.0.1","MIT","https://github.com/sindresorhus/repeating"
"replace-ext@1.0.0","MIT","https://github.com/gulpjs/replace-ext"
"request-progress@2.0.1","MIT","https://github.com/IndigoUnited/node-request-progress"
"request@2.88.0","Apache-2.0","https://github.com/request/request"
"requires-port@0.0.1","MIT","https://github.com/unshiftio/requires-port"
"resolve-url@0.2.1","MIT","https://github.com/lydell/resolve-url"
"resolve@1.1.7","MIT","https://github.com/substack/node-resolve"
"resolve@1.12.0","MIT","https://github.com/browserify/resolve"
"responselike@1.0.2","MIT","https://github.com/lukechilds/responselike"
"ret@0.1.15","MIT","https://github.com/fent/ret.js"
"rimraf@2.6.3","ISC","https://github.com/isaacs/rimraf"
"safe-buffer@5.1.2","MIT","https://github.com/feross/safe-buffer"
"safe-json-parse@1.0.1","MIT","https://github.com/Raynos/safe-json-parse"
"safe-regex@1.1.0","MIT","https://github.com/substack/safe-regex"
"safer-buffer@2.1.2","MIT","https://github.com/ChALkeR/safer-buffer"
"sax@1.2.4","ISC","https://github.com/isaacs/sax-js"
"seek-bzip@1.0.5","MIT","https://github.com/cscott/seek-bzip"
"semver-regex@2.0.0","MIT","https://github.com/sindresorhus/semver-regex"
"semver-truncate@1.1.2","MIT","https://github.com/sindresorhus/semver-truncate"
"semver@5.7.1","ISC","https://github.com/npm/node-semver"
"send@0.17.1","MIT","https://github.com/pillarjs/send"
"serve-index@1.9.1","MIT","https://github.com/expressjs/serve-index"
"serve-static@1.14.1","MIT","https://github.com/expressjs/serve-static"
"set-value@2.0.1","MIT","https://github.com/jonschlinkert/set-value"
"setimmediate@1.0.5","MIT","https://github.com/YuzuJS/setImmediate"
"setprototypeof@1.1.0","ISC","https://github.com/wesleytodd/setprototypeof"
"setprototypeof@1.1.1","ISC","https://github.com/wesleytodd/setprototypeof"
"shebang-command@1.2.0","MIT","https://github.com/kevva/shebang-command"
"shebang-regex@1.0.0","MIT","https://github.com/sindresorhus/shebang-regex"
"shelljs@0.3.0","BSD*","https://github.com/arturadib/shelljs"
"signal-exit@3.0.2","ISC","https://github.com/tapjs/signal-exit"
"simple-fmt@0.1.0","MIT","https://github.com/olov/simple-fmt"
"simple-is@0.2.0","MIT","https://github.com/olov/simple-is"
"slash@1.0.0","MIT","https://github.com/sindresorhus/slash"
"snapdragon-node@2.1.1","MIT","https://github.com/jonschlinkert/snapdragon-node"
"snapdragon-util@3.0.1","MIT","https://github.com/jonschlinkert/snapdragon-util"
"snapdragon@0.8.2","MIT","https://github.com/jonschlinkert/snapdragon"
"sort-keys-length@1.0.1","MIT","https://github.com/kevva/sort-keys-length"
"sort-keys@1.1.2","MIT","https://github.com/sindresorhus/sort-keys"
"sort-keys@2.0.0","MIT","https://github.com/sindresorhus/sort-keys"
"source-map-resolve@0.5.2","MIT","https://github.com/lydell/source-map-resolve"
"source-map-url@0.4.0","MIT","https://github.com/lydell/source-map-url"
"source-map@0.5.7","BSD-3-Clause","https://github.com/mozilla/source-map"
"source-map@0.6.1","BSD-3-Clause","https://github.com/mozilla/source-map"
"spdx-correct@3.1.0","Apache-2.0","https://github.com/jslicense/spdx-correct.js"
"spdx-exceptions@2.2.0","CC-BY-3.0","https://github.com/kemitchell/spdx-exceptions.json"
"spdx-expression-parse@3.0.0","MIT","https://github.com/jslicense/spdx-expression-parse.js"
"spdx-license-ids@3.0.5","CC0-1.0","https://github.com/shinnn/spdx-license-ids"
"split-string@3.1.0","MIT","https://github.com/jonschlinkert/split-string"
"split2@1.1.1","ISC","https://github.com/mcollina/split2"
"sprintf-js@1.0.3","BSD-3-Clause","https://github.com/alexei/sprintf.js"
"sprintf-js@1.1.2","BSD-3-Clause","https://github.com/alexei/sprintf.js"
"squeak@1.3.0","MIT","https://github.com/kevva/squeak"
"sshpk@1.16.1","MIT","https://github.com/joyent/node-sshpk"
"stable@0.1.8","MIT","https://github.com/Two-Screen/stable"
"static-extend@0.1.2","MIT","https://github.com/jonschlinkert/static-extend"
"statuses@1.5.0","MIT","https://github.com/jshttp/statuses"
"stream-browserify@2.0.1","MIT","https://github.com/substack/stream-browserify"
"stream-shift@1.0.0","MIT","https://github.com/mafintosh/stream-shift"
"strict-uri-encode@1.1.0","MIT","https://github.com/kevva/strict-uri-encode"
"string-length@1.0.1","MIT","https://github.com/sindresorhus/string-length"
"string-template@0.2.1","MIT","https://github.com/Matt-Esch/string-template"
"string.prototype.trimleft@2.1.0","MIT","https://github.com/es-shims/String.prototype.trimLeft"
"string.prototype.trimright@2.1.0","MIT","https://github.com/es-shims/String.prototype.trimRight"
"string_decoder@0.10.31","MIT","https://github.com/rvagg/string_decoder"
"string_decoder@1.1.1","MIT","https://github.com/nodejs/string_decoder"
"stringmap@0.2.2","MIT","https://github.com/olov/stringmap"
"stringset@0.2.1","MIT","https://github.com/olov/stringset"
"strip-ansi@3.0.1","MIT","https://github.com/chalk/strip-ansi"
"strip-bom@2.0.0","MIT","https://github.com/sindresorhus/strip-bom"
"strip-dirs@2.1.0","MIT","https://github.com/shinnn/node-strip-dirs"
"strip-eof@1.0.0","MIT","https://github.com/sindresorhus/strip-eof"
"strip-indent@1.0.1","MIT","https://github.com/sindresorhus/strip-indent"
"strip-json-comments@1.0.4","MIT","https://github.com/sindresorhus/strip-json-comments"
"strip-outer@1.0.1","MIT","https://github.com/sindresorhus/strip-outer"
"supports-color@2.0.0","MIT","https://github.com/chalk/supports-color"
"supports-color@4.5.0","MIT","https://github.com/chalk/supports-color"
"supports-color@5.5.0","MIT","https://github.com/chalk/supports-color"
"supports-color@6.1.0","MIT","https://github.com/chalk/supports-color"
"svgo@1.3.0","MIT","https://github.com/svg/svgo"
"tar-stream@1.6.2","MIT","https://github.com/mafintosh/tar-stream"
"temp-dir@1.0.0","MIT","https://github.com/sindresorhus/temp-dir"
"tempfile@2.0.0","MIT","https://github.com/sindresorhus/tempfile"
"text-table@0.2.0","MIT","https://github.com/substack/text-table"
"thehive@3.4.0-RC2","AGPL-3.0","https://github.com/TheHive-Project/TheHive"
"throttleit@1.0.0","MIT","https://github.com/component/throttle"
"through2@2.0.5","MIT","https://github.com/rvagg/through2"
"through@2.3.8","MIT","https://github.com/dominictarr/through"
"time-grunt@2.0.0","MIT","https://github.com/sindresorhus/time-grunt"
"time-zone@0.1.0","MIT","https://github.com/sindresorhus/time-zone"
"timed-out@4.0.1","MIT","https://github.com/floatdrop/timed-out"
"timers-browserify@2.0.2","MIT","https://github.com/jryans/timers-browserify"
"tiny-lr@1.1.1","MIT","https://github.com/mklabs/tiny-lr"
"to-buffer@1.1.1","MIT","https://github.com/mafintosh/to-buffer"
"to-object-path@0.3.0","MIT","https://github.com/jonschlinkert/to-object-path"
"to-regex-range@2.1.1","MIT","https://github.com/micromatch/to-regex-range"
"to-regex@3.0.2","MIT","https://github.com/jonschlinkert/to-regex"
"toidentifier@1.0.0","MIT","https://github.com/component/toidentifier"
"tough-cookie@2.4.3","BSD-3-Clause","https://github.com/salesforce/tough-cookie"
"trim-newlines@1.0.0","MIT","https://github.com/sindresorhus/trim-newlines"
"trim-repeated@1.0.0","MIT","https://github.com/sindresorhus/trim-repeated"
"tryor@0.1.2","MIT","https://github.com/olov/tryor"
"tunnel-agent@0.6.0","Apache-2.0","https://github.com/mikeal/tunnel-agent"
"tweetnacl@0.14.5","Unlicense","https://github.com/dchest/tweetnacl-js"
"typedarray@0.0.6","MIT","https://github.com/substack/typedarray"
"uglify-js@3.6.0","BSD-2-Clause","https://github.com/mishoo/UglifyJS2"
"ultron@1.1.1","MIT","https://github.com/unshiftio/ultron"
"unbzip2-stream@1.3.3","MIT","https://github.com/regular/unbzip2-stream"
"underscore.string@3.3.5","MIT","https://github.com/epeli/underscore.string"
"union-value@1.0.1","MIT","https://github.com/jonschlinkert/union-value"
"universalify@0.1.2","MIT","https://github.com/RyanZim/universalify"
"unpipe@1.0.0","MIT","https://github.com/stream-utils/unpipe"
"unquote@1.1.1","MIT","https://github.com/lakenen/node-unquote"
"unset-value@1.0.0","MIT","https://github.com/jonschlinkert/unset-value"
"untildify@2.1.0","MIT","https://github.com/sindresorhus/untildify"
"upper-case@1.1.3","MIT","https://github.com/blakeembrey/upper-case"
"uri-js@4.2.2","BSD-2-Clause","https://github.com/garycourt/uri-js"
"uri-path@1.0.0","WTFPL OR MIT","https://github.com/UltCombo/uri-path"
"urix@0.1.0","MIT","https://github.com/lydell/urix"
"url-parse-lax@1.0.0","MIT","https://github.com/sindresorhus/url-parse-lax"
"url-parse-lax@3.0.0","MIT","https://github.com/sindresorhus/url-parse-lax"
"url-to-options@1.0.1","MIT","https://github.com/stevenvachon/url-to-options"
"url@0.11.0","MIT","https://github.com/defunctzombie/node-url"
"use@3.1.1","MIT","https://github.com/jonschlinkert/use"
"util-deprecate@1.0.2","MIT","https://github.com/TooTallNate/util-deprecate"
"util.promisify@1.0.0","MIT","https://github.com/ljharb/util.promisify"
"util@0.10.3","MIT","https://github.com/defunctzombie/node-util"
"utils-merge@1.0.1","MIT","https://github.com/jaredhanson/utils-merge"
"uuid@3.3.3","MIT","https://github.com/kelektiv/node-uuid"
"validate-npm-package-license@3.0.4","Apache-2.0","https://github.com/kemitchell/validate-npm-package-license.js"
"verror@1.10.0","MIT","https://github.com/davepacheco/node-verror"
"websocket-driver@0.7.3","Apache-2.0","https://github.com/faye/websocket-driver-node"
"websocket-extensions@0.1.3","MIT","https://github.com/faye/websocket-extensions-node"
"websocket-stream@5.5.0","BSD-2-Clause","https://github.com/maxogden/websocket-stream"
"which@1.3.1","ISC","https://github.com/isaacs/node-which"
"wiredep-cli@0.1.0","MIT","https://github.com/taptapship/wiredep-cli"
"wiredep@4.0.0","MIT","https://github.com/taptapship/wiredep"
"wordwrap@0.0.3","MIT","https://github.com/substack/node-wordwrap"
"wrappy@1.0.2","ISC","https://github.com/npm/wrappy"
"ws@3.3.3","MIT","https://github.com/websockets/ws"
"xtend@4.0.2","MIT","https://github.com/Raynos/xtend"
"yallist@2.1.2","ISC","https://github.com/isaacs/yallist"
"yauzl@2.10.0","MIT","https://github.com/thejoshwolfe/yauzl"
"yauzl@2.4.1","MIT","https://github.com/thejoshwolfe/yauzl"
